readouts,row_prob_label1,risk_p0,risk_p1,worst
"['7/16', '7/16']","['0', '0', '0', '0']",65/256,65/256,65/256
"['7/16', '7/16']","['0', '0', '0', '1/2']",65/256,65/256,65/256
"['7/16', '7/16']","['0', '0', '0', '1']",65/256,65/256,65/256
"['7/16', '7/16']","['0', '0', '1/2', '0']",65/256,65/256,65/256
"['7/16', '7/16']","['0', '0', '1/2', '1/2']",65/256,65/256,65/256
"['7/16', '7/16']","['0', '0', '1/2', '1']",65/256,65/256,65/256
"['7/16', '7/16']","['0', '0', '1', '0']",65/256,65/256,65/256
"['7/16', '7/16']","['0', '0', '1', '1/2']",65/256,65/256,65/256
"['7/16', '7/16']","['0', '0', '1', '1']",65/256,65/256,65/256
"['7/16', '7/16']","['0', '1/2', '0', '0']",65/256,65/256,65/256
"['7/16', '7/16']","['0', '1/2', '0', '1/2']",65/256,65/256,65/256
"['7/16', '7/16']","['0', '1/2', '0', '1']",65/256,65/256,65/256
"['7/16', '7/16']","['0', '1/2', '1/2', '0']",65/256,65/256,65/256
"['7/16', '7/16']","['0', '1/2', '1/2', '1/2']",65/256,65/256,65/256
"['7/16', '7/16']","['0', '1/2', '1/2', '1']",65/256,65/256,65/256
"['7/16', '7/16']","['0', '1/2', '1', '0']",65/256,65/256,65/256
"['7/16', '7/16']","['0', '1/2', '1', '1/2']",65/256,65/256,65/256
"['7/16', '7/16']","['0', '1/2', '1', '1']",65/256,65/256,65/256
"['7/16', '7/16']","['0', '1', '0', '0']",65/256,65/256,65/256
"['7/16', '7/16']","['0', '1', '0', '1/2']",65/256,65/256,65/256
"['7/16', '7/16']","['0', '1', '0', '1']",65/256,65/256,65/256
"['7/16', '7/16']","['0', '1', '1/2', '0']",65/256,65/256,65/256
"['7/16', '7/16']","['0', '1', '1/2', '1/2']",65/256,65/256,65/256
"['7/16', '7/16']","['0', '1', '1/2', '1']",65/256,65/256,65/256
"['7/16', '7/16']","['0', '1', '1', '0']",65/256,65/256,65/256
"['7/16', '7/16']","['0', '1', '1', '1/2']",65/256,65/256,65/256
"['7/16', '7/16']","['0', '1', '1', '1']",65/256,65/256,65/256
"['7/16', '7/16']","['1/2', '0', '0', '0']",65/256,65/256,65/256
"['7/16', '7/16']","['1/2', '0', '0', '1/2']",65/256,65/256,65/256
"['7/16', '7/16']","['1/2', '0', '0', '1']",65/256,65/256,65/256
"['7/16', '7/16']","['1/2', '0', '1/2', '0']",65/256,65/256,65/256
"['7/16', '7/16']","['1/2', '0', '1/2', '1/2']",65/256,65/256,65/256
"['7/16', '7/16']","['1/2', '0', '1/2', '1']",65/256,65/256,65/256
"['7/16', '7/16']","['1/2', '0', '1', '0']",65/256,65/256,65/256
"['7/16', '7/16']","['1/2', '0', '1', '1/2']",65/256,65/256,65/256
"['7/16', '7/16']","['1/2', '0', '1', '1']",65/256,65/256,65/256
"['7/16', '7/16']","['1/2', '1/2', '0', '0']",65/256,65/256,65/256
"['7/16', '7/16']","['1/2', '1/2', '0', '1/2']",65/256,65/256,65/256
"['7/16', '7/16']","['1/2', '1/2', '0', '1']",65/256,65/256,65/256
"['7/16', '7/16']","['1/2', '1/2', '1/2', '0']",65/256,65/256,65/256
"['7/16', '7/16']","['1/2', '1/2', '1/2', '1/2']",65/256,65/256,65/256
"['7/16', '7/16']","['1/2', '1/2', '1/2', '1']",65/256,65/256,65/256
"['7/16', '7/16']","['1/2', '1/2', '1', '0']",65/256,65/256,65/256
"['7/16', '7/16']","['1/2', '1/2', '1', '1/2']",65/256,65/256,65/256
"['7/16', '7/16']","['1/2', '1/2', '1', '1']",65/256,65/256,65/256
"['7/16', '7/16']","['1/2', '1', '0', '0']",65/256,65/256,65/256
"['7/16', '7/16']","['1/2', '1', '0', '1/2']",65/256,65/256,65/256
"['7/16', '7/16']","['1/2', '1', '0', '1']",65/256,65/256,65/256
"['7/16', '7/16']","['1/2', '1', '1/2', '0']",65/256,65/256,65/256
"['7/16', '7/16']","['1/2', '1', '1/2', '1/2']",65/256,65/256,65/256
"['7/16', '7/16']","['1/2', '1', '1/2', '1']",65/256,65/256,65/256
"['7/16', '7/16']","['1/2', '1', '1', '0']",65/256,65/256,65/256
"['7/16', '7/16']","['1/2', '1', '1', '1/2']",65/256,65/256,65/256
"['7/16', '7/16']","['1/2', '1', '1', '1']",65/256,65/256,65/256
"['7/16', '7/16']","['1', '0', '0', '0']",65/256,65/256,65/256
"['7/16', '7/16']","['1', '0', '0', '1/2']",65/256,65/256,65/256
"['7/16', '7/16']","['1', '0', '0', '1']",65/256,65/256,65/256
"['7/16', '7/16']","['1', '0', '1/2', '0']",65/256,65/256,65/256
"['7/16', '7/16']","['1', '0', '1/2', '1/2']",65/256,65/256,65/256
"['7/16', '7/16']","['1', '0', '1/2', '1']",65/256,65/256,65/256
"['7/16', '7/16']","['1', '0', '1', '0']",65/256,65/256,65/256
"['7/16', '7/16']","['1', '0', '1', '1/2']",65/256,65/256,65/256
"['7/16', '7/16']","['1', '0', '1', '1']",65/256,65/256,65/256
"['7/16', '7/16']","['1', '1/2', '0', '0']",65/256,65/256,65/256
"['7/16', '7/16']","['1', '1/2', '0', '1/2']",65/256,65/256,65/256
"['7/16', '7/16']","['1', '1/2', '0', '1']",65/256,65/256,65/256
"['7/16', '7/16']","['1', '1/2', '1/2', '0']",65/256,65/256,65/256
"['7/16', '7/16']","['1', '1/2', '1/2', '1/2']",65/256,65/256,65/256
"['7/16', '7/16']","['1', '1/2', '1/2', '1']",65/256,65/256,65/256
"['7/16', '7/16']","['1', '1/2', '1', '0']",65/256,65/256,65/256
"['7/16', '7/16']","['1', '1/2', '1', '1/2']",65/256,65/256,65/256
"['7/16', '7/16']","['1', '1/2', '1', '1']",65/256,65/256,65/256
"['7/16', '7/16']","['1', '1', '0', '0']",65/256,65/256,65/256
"['7/16', '7/16']","['1', '1', '0', '1/2']",65/256,65/256,65/256
"['7/16', '7/16']","['1', '1', '0', '1']",65/256,65/256,65/256
"['7/16', '7/16']","['1', '1', '1/2', '0']",65/256,65/256,65/256
"['7/16', '7/16']","['1', '1', '1/2', '1/2']",65/256,65/256,65/256
"['7/16', '7/16']","['1', '1', '1/2', '1']",65/256,65/256,65/256
"['7/16', '7/16']","['1', '1', '1', '0']",65/256,65/256,65/256
"['7/16', '7/16']","['1', '1', '1', '1/2']",65/256,65/256,65/256
"['7/16', '7/16']","['1', '1', '1', '1']",65/256,65/256,65/256
"['7/16', '1/2']","['0', '0', '0', '0']",1/4,1/4,1/4
"['7/16', '1/2']","['0', '0', '0', '1/2']",193/768,581/2304,581/2304
"['7/16', '1/2']","['0', '0', '0', '1']",323/1280,65/256,65/256
"['7/16', '1/2']","['0', '0', '1/2', '0']",575/2304,191/768,575/2304
"['7/16', '1/2']","['0', '0', '1/2', '1/2']",321/1280,321/1280,321/1280
"['7/16', '1/2']","['0', '0', '1/2', '1']",709/2816,711/2816,711/2816
"['7/16', '1/2']","['0', '0', '1', '0']",319/1280,317/1280,319/1280
"['7/16', '1/2']","['0', '0', '1', '1/2']",705/2816,703/2816,705/2816
"['7/16', '1/2']","['0', '0', '1', '1']",193/768,193/768,193/768
"['7/16', '1/2']","['0', '1/2', '0', '0']",451/1792,453/1792,453/1792
"['7/16', '1/2']","['0', '1/2', '0', '1/2']",259/1024,261/1024,261/1024
"['7/16', '1/2']","['0', '1/2', '0', '1']",65/256,197/768,197/768
"['7/16', '1/2']","['0', '1/2', '1/2', '0']",515/2048,129/512,129/512
"['7/16', '1/2']","['0', '1/2', '1/2', '1/2']",97/384,65/256,65/256
"['7/16', '1/2']","['0', '1/2', '1/2', '1']",649/2560,327/1280,327/1280
"['7/16', '1/2']","['0', '1/2', '1', '0']",193/768,193/768,193/768
"['7/16', '1/2']","['0', '1/2', '1', '1/2']",323/1280,81/320,81/320
"['7/16', '1/2']","['0', '1/2', '1', '1']",713/2816,717/2816,717/2816
"['7/16', '1/2']","['0', '1', '0', '0']",65/256,197/768,197/768
"['7/16', '1/2']","['0', '1', '0', '1/2']",457/1792,463/1792,463/1792
"['7/16', '1/2']","['0', '1', '0', '1']",131/512,133/512,133/512
"['7/16', '1/2']","['0', '1', '1/2', '0']",65/256,459/1792,459/1792
"['7/16', '1/2']","['0', '1', '1/2', '1/2']",261/1024,33/128,33/128
"['7/16', '1/2']","['0', '1', '1/2', '1']",589/2304,199/768,199/768
"['7/16', '1/2']","['0', '1', '1', '0']",65/256,131/512,131/512
"['7/16', '1/2']","['0', '1', '1', '1/2']",587/2304,593/2304,593/2304
"['7/16', '1/2']","['0', '1', '1', '1']",327/1280,331/1280,331/1280
"['7/16', '1/2']","['1/2', '0', '0', '0']",447/1792,445/1792,447/1792
"['7/16', '1/2']","['1/2', '0', '0', '1/2']",513/2048,1/4,513/2048
"['7/16', '1/2']","['1/2', '0', '0', '1']",193/768,193/768,193/768
"['7/16', '1/2']","['1/2', '0', '1/2', '0']",255/1024,253/1024,255/1024
"['7/16', '1/2']","['1/2', '0', '1/2', '1/2']",1/4,191/768,1/4
"['7/16', '1/2']","['1/2', '0', '1/2', '1']",321/1280,1/4,321/1280
"['7/16', '1/2']","['1/2', '0', '1', '0']",191/768,63/256,191/768
"['7/16', '1/2']","['1/2', '0', '1', '1/2']",639/2560,317/1280,639/2560
"['7/16', '1/2']","['1/2', '0', '1', '1']",705/2816,701/2816,705/2816
"['7/16', '1/2']","['1/2', '1/2', '0', '0']",193/768,193/768,193/768
"['7/16', '1/2']","['1/2', '1/2', '0', '1/2']",113/448,453/1792,453/1792
"['7/16', '1/2']","['1/2', '1/2', '0', '1']",259/1024,65/256,65/256
"['7/16', '1/2']","['1/2', '1/2', '1/2', '0']",225/896,449/1792,225/896
"['7/16', '1/2']","['1/2', '1/2', '1/2', '1/2']",129/512,129/512,129/512
"['7/16', '1/2']","['1/2', '1/2', '1/2', '1']",97/384,583/2304,583/2304
"['7/16', '1/2']","['1/2', '1/2', '1', '0']",257/1024,1/4,257/1024
"['7/16', '1/2']","['1/2', '1/2', '1', '1/2']",145/576,193/768,145/576
"['7/16', '1/2']","['1/2', '1/2', '1', '1']",323/1280,323/1280,323/1280
"['7/16', '1/2']","['1/2', '1', '0', '0']",65/256,327/1280,327/1280
"['7/16', '1/2']","['1/2', '1', '0', '1/2']",391/1536,197/768,197/768
"['7/16', '1/2']","['1/2', '1', '0', '1']",457/1792,461/1792,461/1792
"['7/16', '1/2']","['1/2', '1', '1/2', '0']",65/256,49/192,49/192
"['7/16', '1/2']","['1/2', '1', '1/2', '1/2']",57/224,459/1792,459/1792
"['7/16', '1/2']","['1/2', '1', '1/2', '1']",261/1024,263/1024,263/1024
"['7/16', '1/2']","['1/2', '1', '1', '0']",65/256,457/1792,457/1792
"['7/16', '1/2']","['1/2', '1', '1', '1/2']",521/2048,131/512,131/512
"['7/16', '1/2']","['1/2', '1', '1', '1']",587/2304,197/768,197/768
"['7/16', '1/2']","['1', '0', '0', '0']",191/768,63/256,191/768
"['7/16', '1/2']","['1', '0', '0', '1/2']",447/1792,443/1792,447/1792
"['7/16', '1/2']","['1', '0', '0', '1']",1/4,127/512,1/4
"['7/16', '1/2']","['1', '0', '1/2', '0']",445/1792,439/1792,445/1792
"['7/16', '1/2']","['1', '0', '1/2', '1/2']",255/1024,63/256,255/1024
"['7/16', '1/2']","['1', '0', '1/2', '1']",575/2304,569/2304,575/2304
"['7/16', '1/2']","['1', '0', '1', '0']",127/512,125/512,127/512
"['7/16', '1/2']","['1', '0', '1', '1/2']",191/768,565/2304,191/768
"['7/16', '1/2']","['1', '0', '1', '1']",319/1280,63/256,319/1280
"['7/16', '1/2']","['1', '1/2', '0', '0']",321/1280,319/1280,321/1280
"['7/16', '1/2']","['1', '1/2', '0', '1/2']",193/768,1/4,193/768
"['7/16', '1/2']","['1', '1/2', '0', '1']",451/1792,449/1792,451/1792
"['7/16', '1/2']","['1', '1/2', '1/2', '0']",385/1536,191/768,385/1536
"['7/16', '1/2']","['1', '1/2', '1/2', '1/2']",225/896,447/1792,225/896
"['7/16', '1/2']","['1', '1/2', '1/2', '1']",515/2048,1/4,515/2048
"['7/16', '1/2']","['1', '1/2', '1', '0']",449/1792,445/1792,449/1792
"['7/16', '1/2']","['1', '1/2', '1', '1/2']",257/1024,255/1024,257/1024
"['7/16', '1/2']","['1', '1/2', '1', '1']",193/768,575/2304,193/768
"['7/16', '1/2']","['1', '1', '0', '0']",65/256,65/256,65/256
"['7/16', '1/2']","['1', '1', '0', '1/2']",65/256,65/256,65/256
"['7/16', '1/2']","['1', '1', '0', '1']",65/256,65/256,65/256
"['7/16', '1/2']","['1', '1', '1/2', '0']",65/256,65/256,65/256
"['7/16', '1/2']","['1', '1', '1/2', '1/2']",65/256,65/256,65/256
"['7/16', '1/2']","['1', '1', '1/2', '1']",65/256,65/256,65/256
"['7/16', '1/2']","['1', '1', '1', '0']",65/256,65/256,65/256
"['7/16', '1/2']","['1', '1', '1', '1/2']",65/256,65/256,65/256
"['7/16', '1/2']","['1', '1', '1', '1']",65/256,65/256,65/256
"['7/16', '9/16']","['0', '0', '0', '0']",65/256,65/256,65/256
"['7/16', '9/16']","['0', '0', '0', '1/2']",589/2304,593/2304,593/2304
"['7/16', '9/16']","['0', '0', '0', '1']",329/1280,333/1280,333/1280
"['7/16', '9/16']","['0', '0', '1/2', '0']",581/2304,577/2304,581/2304
"['7/16', '9/16']","['0', '0', '1/2', '1/2']",65/256,65/256,65/256
"['7/16', '9/16']","['0', '0', '1/2', '1']",719/2816,723/2816,723/2816
"['7/16', '9/16']","['0', '0', '1', '0']",321/1280,317/1280,321/1280
"['7/16', '9/16']","['0', '0', '1', '1/2']",711/2816,707/2816,711/2816
"['7/16', '9/16']","['0', '0', '1', '1']",65/256,65/256,65/256
"['7/16', '9/16']","['0', '1/2', '0', '0']",459/1792,463/1792,463/1792
"['7/16', '9/16']","['0', '1/2', '0', '1/2']",33/128,67/256,67/256
"['7/16', '9/16']","['0', '1/2', '0', '1']",199/768,203/768,203/768
"['7/16', '9/16']","['0', '1/2', '1/2', '0']",261/1024,131/512,131/512
"['7/16', '9/16']","['0', '1/2', '1/2', '1/2']",197/768,199/768,199/768
"['7/16', '9/16']","['0', '1/2', '1/2', '1']",33/128,67/256,67/256
"['7/16', '9/16']","['0', '1/2', '1', '0']",65/256,65/256,65/256
"['7/16', '9/16']","['0', '1/2', '1', '1/2']",327/1280,329/1280,329/1280
"['7/16', '9/16']","['0', '1/2', '1', '1']",723/2816,731/2816,731/2816
"['7/16', '9/16']","['0', '1', '0', '0']",199/768,203/768,203/768
"['7/16', '9/16']","['0', '1', '0', '1/2']",467/1792,479/1792,479/1792
"['7/16', '9/16']","['0', '1', '0', '1']",67/256,69/256,69/256
"['7/16', '9/16']","['0', '1', '1/2', '0']",463/1792,471/1792,471/1792
"['7/16', '9/16']","['0', '1', '1/2', '1/2']",133/512,17/64,17/64
"['7/16', '9/16']","['0', '1', '1/2', '1']",601/2304,617/2304,617/2304
"['7/16', '9/16']","['0', '1', '1', '0']",33/128,67/256,67/256
"['7/16', '9/16']","['0', '1', '1', '1/2']",199/768,203/768,203/768
"['7/16', '9/16']","['0', '1', '1', '1']",333/1280,341/1280,341/1280
"['7/16', '9/16']","['1/2', '0', '0', '0']",451/1792,447/1792,451/1792
"['7/16', '9/16']","['1/2', '0', '0', '1/2']",259/1024,129/512,259/1024
"['7/16', '9/16']","['1/2', '0', '0', '1']",65/256,65/256,65/256
"['7/16', '9/16']","['1/2', '0', '1/2', '0']",1/4,63/256,1/4
"['7/16', '9/16']","['1/2', '0', '1/2', '1/2']",193/768,191/768,193/768
"['7/16', '9/16']","['1/2', '0', '1/2', '1']",323/1280,321/1280,323/1280
"['7/16', '9/16']","['1/2', '0', '1', '0']",191/768,187/768,191/768
"['7/16', '9/16']","['1/2', '0', '1', '1/2']",1/4,63/256,1/4
"['7/16', '9/16']","['1/2', '0', '1', '1']",707/2816,699/2816,707/2816
"['7/16', '9/16']","['1/2', '1/2', '0', '0']",65/256,65/256,65/256
"['7/16', '9/16']","['1/2', '1/2', '0', '1/2']",457/1792,459/1792,459/1792
"['7/16', '9/16']","['1/2', '1/2', '0', '1']",131/512,33/128,33/128
"['7/16', '9/16']","['1/2', '1/2', '1/2', '0']",453/1792,451/1792,453/1792
"['7/16', '9/16']","['1/2', '1/2', '1/2', '1/2']",65/256,65/256,65/256
"['7/16', '9/16']","['1/2', '1/2', '1/2', '1']",587/2304,589/2304,589/2304
"['7/16', '9/16']","['1/2', '1/2', '1', '0']",129/512,1/4,129/512
"['7/16', '9/16']","['1/2', '1/2', '1', '1/2']",583/2304,581/2304,583/2304
"['7/16', '9/16']","['1/2', '1/2', '1', '1']",65/256,65/256,65/256
"['7/16', '9/16']","['1/2', '1', '0', '0']",329/1280,333/1280,333/1280
"['7/16', '9/16']","['1/2', '1', '0', '1/2']",33/128,67/256,67/256
"['7/16', '9/16']","['1/2', '1', '0', '1']",463/1792,471/1792,471/1792
"['7/16', '9/16']","['1/2', '1', '1/2', '0']",197/768,199/768,199/768
"['7/16', '9/16']","['1/2', '1', '1/2', '1/2']",461/1792,467/1792,467/1792
"['7/16', '9/16']","['1/2', '1', '1/2', '1']",33/128,67/256,67/256
"['7/16', '9/16']","['1/2', '1', '1', '0']",459/1792,463/1792,463/1792
"['7/16', '9/16']","['1/2', '1', '1', '1/2']",263/1024,133/512,133/512
"['7/16', '9/16']","['1/2', '1', '1', '1']",593/2304,601/2304,601/2304
"['7/16', '9/16']","['1', '0', '0', '0']",191/768,187/768,191/768
"['7/16', '9/16']","['1', '0', '0', '1/2']",447/1792,439/1792,447/1792
"['7/16', '9/16']","['1', '0', '0', '1']",1/4,63/256,1/4
"['7/16', '9/16']","['1', '0', '1/2', '0']",443/1792,431/1792,443/1792
"['7/16', '9/16']","['1', '0', '1/2', '1/2']",127/512,31/128,127/512
"['7/16', '9/16']","['1', '0', '1/2', '1']",191/768,187/768,191/768
"['7/16', '9/16']","['1', '0', '1', '0']",63/256,61/256,63/256
"['7/16', '9/16']","['1', '0', '1', '1/2']",569/2304,553/2304,569/2304
"['7/16', '9/16']","['1', '0', '1', '1']",317/1280,309/1280,317/1280
"['7/16', '9/16']","['1', '1/2', '0', '0']",321/1280,317/1280,321/1280
"['7/16', '9/16']","['1', '1/2', '0', '1/2']",193/768,191/768,193/768
"['7/16', '9/16']","['1', '1/2', '0', '1']",451/1792,447/1792,451/1792
"['7/16', '9/16']","['1', '1/2', '1/2', '0']",1/4,63/256,1/4
"['7/16', '9/16']","['1', '1/2', '1/2', '1/2']",449/1792,443/1792,449/1792
"['7/16', '9/16']","['1', '1/2', '1/2', '1']",257/1024,127/512,257/1024
"['7/16', '9/16']","['1', '1/2', '1', '0']",447/1792,439/1792,447/1792
"['7/16', '9/16']","['1', '1/2', '1', '1/2']",1/4,63/256,1/4
"['7/16', '9/16']","['1', '1/2', '1', '1']",577/2304,569/2304,577/2304
"['7/16', '9/16']","['1', '1', '0', '0']",65/256,65/256,65/256
"['7/16', '9/16']","['1', '1', '0', '1/2']",65/256,65/256,65/256
"['7/16', '9/16']","['1', '1', '0', '1']",65/256,65/256,65/256
"['7/16', '9/16']","['1', '1', '1/2', '0']",65/256,65/256,65/256
"['7/16', '9/16']","['1', '1', '1/2', '1/2']",65/256,65/256,65/256
"['7/16', '9/16']","['1', '1', '1/2', '1']",65/256,65/256,65/256
"['7/16', '9/16']","['1', '1', '1', '0']",65/256,65/256,65/256
"['7/16', '9/16']","['1', '1', '1', '1/2']",65/256,65/256,65/256
"['7/16', '9/16']","['1', '1', '1', '1']",65/256,65/256,65/256
"['1/2', '7/16']","['0', '0', '0', '0']",65/256,65/256,65/256
"['1/2', '7/16']","['0', '0', '0', '1/2']",97/384,145/576,97/384
"['1/2', '7/16']","['0', '0', '0', '1']",161/640,1/4,161/640
"['1/2', '7/16']","['0', '0', '1/2', '0']",293/1152,49/192,49/192
"['1/2', '7/16']","['0', '0', '1/2', '1/2']",81/320,81/320,81/320
"['1/2', '7/16']","['0', '0', '1/2', '1']",355/1408,177/704,355/1408
"['1/2', '7/16']","['0', '0', '1', '0']",163/640,41/160,41/160
"['1/2', '7/16']","['0', '0', '1', '1/2']",357/1408,179/704,179/704
"['1/2', '7/16']","['0', '0', '1', '1']",97/384,97/384,97/384
"['1/2', '7/16']","['0', '1/2', '0', '0']",113/448,225/896,113/448
"['1/2', '7/16']","['0', '1/2', '0', '1/2']",257/1024,255/1024,257/1024
"['1/2', '7/16']","['0', '1/2', '0', '1']",1/4,95/384,1/4
"['1/2', '7/16']","['0', '1/2', '1/2', '0']",517/2048,129/512,517/2048
"['1/2', '7/16']","['0', '1/2', '1/2', '1/2']",193/768,1/4,193/768
"['1/2', '7/16']","['0', '1/2', '1/2', '1']",641/2560,159/640,641/2560
"['1/2', '7/16']","['0', '1/2', '1', '0']",97/384,97/384,97/384
"['1/2', '7/16']","['0', '1/2', '1', '1/2']",161/640,321/1280,161/640
"['1/2', '7/16']","['0', '1/2', '1', '1']",353/1408,351/1408,353/1408
"['1/2', '7/16']","['0', '1', '0', '0']",1/4,95/384,1/4
"['1/2', '7/16']","['0', '1', '0', '1/2']",223/896,55/224,223/896
"['1/2', '7/16']","['0', '1', '0', '1']",127/512,125/512,127/512
"['1/2', '7/16']","['0', '1', '1/2', '0']",1/4,111/448,1/4
"['1/2', '7/16']","['0', '1', '1/2', '1/2']",255/1024,63/256,255/1024
"['1/2', '7/16']","['0', '1', '1/2', '1']",143/576,47/192,143/576
"['1/2', '7/16']","['0', '1', '1', '0']",1/4,127/512,1/4
"['1/2', '7/16']","['0', '1', '1', '1/2']",287/1152,71/288,287/1152
"['1/2', '7/16']","['0', '1', '1', '1']",159/640,157/640,159/640
"['1/2', '7/16']","['1/2', '0', '0', '0']",57/224,229/896,229/896
"['1/2', '7/16']","['1/2', '0', '0', '1/2']",519/2048,65/256,65/256
"['1/2', '7/16']","['1/2', '0', '0', '1']",97/384,97/384,97/384
"['1/2', '7/16']","['1/2', '0', '1/2', '0']",261/1024,263/1024,263/1024
"['1/2', '7/16']","['1/2', '0', '1/2', '1/2']",65/256,49/192,49/192
"['1/2', '7/16']","['1/2', '0', '1/2', '1']",81/320,65/256,65/256
"['1/2', '7/16']","['1/2', '0', '1', '0']",49/192,33/128,33/128
"['1/2', '7/16']","['1/2', '0', '1', '1/2']",651/2560,41/160,41/160
"['1/2', '7/16']","['1/2', '0', '1', '1']",357/1408,359/1408,359/1408
"['1/2', '7/16']","['1/2', '1/2', '0', '0']",97/384,97/384,97/384
"['1/2', '7/16']","['1/2', '1/2', '0', '1/2']",451/1792,225/896,451/1792
"['1/2', '7/16']","['1/2', '1/2', '0', '1']",257/1024,1/4,257/1024
"['1/2', '7/16']","['1/2', '1/2', '1/2', '0']",453/1792,227/896,227/896
"['1/2', '7/16']","['1/2', '1/2', '1/2', '1/2']",129/512,129/512,129/512
"['1/2', '7/16']","['1/2', '1/2', '1/2', '1']",193/768,289/1152,193/768
"['1/2', '7/16']","['1/2', '1/2', '1', '0']",259/1024,65/256,65/256
"['1/2', '7/16']","['1/2', '1/2', '1', '1/2']",581/2304,97/384,97/384
"['1/2', '7/16']","['1/2', '1/2', '1', '1']",161/640,161/640,161/640
"['1/2', '7/16']","['1/2', '1', '0', '0']",1/4,159/640,1/4
"['1/2', '7/16']","['1/2', '1', '0', '1/2']",383/1536,95/384,383/1536
"['1/2', '7/16']","['1/2', '1', '0', '1']",223/896,221/896,223/896
"['1/2', '7/16']","['1/2', '1', '1/2', '0']",1/4,191/768,1/4
"['1/2', '7/16']","['1/2', '1', '1/2', '1/2']",447/1792,111/448,447/1792
"['1/2', '7/16']","['1/2', '1', '1/2', '1']",255/1024,253/1024,255/1024
"['1/2', '7/16']","['1/2', '1', '1', '0']",1/4,223/896,1/4
"['1/2', '7/16']","['1/2', '1', '1', '1/2']",511/2048,127/512,511/2048
"['1/2', '7/16']","['1/2', '1', '1', '1']",287/1152,95/384,287/1152
"['1/2', '7/16']","['1', '0', '0', '0']",49/192,33/128,33/128
"['1/2', '7/16']","['1', '0', '0', '1/2']",57/224,115/448,115/448
"['1/2', '7/16']","['1', '0', '0', '1']",65/256,131/512,131/512
"['1/2', '7/16']","['1', '0', '1/2', '0']",229/896,29/112,29/112
"['1/2', '7/16']","['1', '0', '1/2', '1/2']",261/1024,33/128,33/128
"['1/2', '7/16']","['1', '0', '1/2', '1']",293/1152,37/144,37/144
"['1/2', '7/16']","['1', '0', '1', '0']",131/512,133/512,133/512
"['1/2', '7/16']","['1', '0', '1', '1/2']",49/192,149/576,149/576
"['1/2', '7/16']","['1', '0', '1', '1']",163/640,33/128,33/128
"['1/2', '7/16']","['1', '1/2', '0', '0']",81/320,163/640,163/640
"['1/2', '7/16']","['1', '1/2', '0', '1/2']",97/384,65/256,65/256
"['1/2', '7/16']","['1', '1/2', '0', '1']",113/448,227/896,227/896
"['1/2', '7/16']","['1', '1/2', '1/2', '0']",389/1536,49/192,49/192
"['1/2', '7/16']","['1', '1/2', '1/2', '1/2']",453/1792,57/224,57/224
"['1/2', '7/16']","['1', '1/2', '1/2', '1']",517/2048,65/256,65/256
"['1/2', '7/16']","['1', '1/2', '1', '0']",227/896,229/896,229/896
"['1/2', '7/16']","['1', '1/2', '1', '1/2']",259/1024,261/1024,261/1024
"['1/2', '7/16']","['1', '1/2', '1', '1']",97/384,293/1152,293/1152
"['1/2', '7/16']","['1', '1', '0', '0']",1/4,1/4,1/4
"['1/2', '7/16']","['1', '1', '0', '1/2']",1/4,1/4,1/4
"['1/2', '7/16']","['1', '1', '0', '1']",1/4,1/4,1/4
"['1/2', '7/16']","['1', '1', '1/2', '0']",1/4,1/4,1/4
"['1/2', '7/16']","['1', '1', '1/2', '1/2']",1/4,1/4,1/4
"['1/2', '7/16']","['1', '1', '1/2', '1']",1/4,1/4,1/4
"['1/2', '7/16']","['1', '1', '1', '0']",1/4,1/4,1/4
"['1/2', '7/16']","['1', '1', '1', '1/2']",1/4,1/4,1/4
"['1/2', '7/16']","['1', '1', '1', '1']",1/4,1/4,1/4
"['1/2', '1/2']","['0', '0', '0', '0']",1/4,1/4,1/4
"['1/2', '1/2']","['0', '0', '0', '1/2']",1/4,1/4,1/4
"['1/2', '1/2']","['0', '0', '0', '1']",1/4,1/4,1/4
"['1/2', '1/2']","['0', '0', '1/2', '0']",1/4,1/4,1/4
"['1/2', '1/2']","['0', '0', '1/2', '1/2']",1/4,1/4,1/4
"['1/2', '1/2']","['0', '0', '1/2', '1']",1/4,1/4,1/4
"['1/2', '1/2']","['0', '0', '1', '0']",1/4,1/4,1/4
"['1/2', '1/2']","['0', '0', '1', '1/2']",1/4,1/4,1/4
"['1/2', '1/2']","['0', '0', '1', '1']",1/4,1/4,1/4
"['1/2', '1/2']","['0', '1/2', '0', '0']",1/4,1/4,1/4
"['1/2', '1/2']","['0', '1/2', '0', '1/2']",1/4,1/4,1/4
"['1/2', '1/2']","['0', '1/2', '0', '1']",1/4,1/4,1/4
"['1/2', '1/2']","['0', '1/2', '1/2', '0']",1/4,1/4,1/4
"['1/2', '1/2']","['0', '1/2', '1/2', '1/2']",1/4,1/4,1/4
"['1/2', '1/2']","['0', '1/2', '1/2', '1']",1/4,1/4,1/4
"['1/2', '1/2']","['0', '1/2', '1', '0']",1/4,1/4,1/4
"['1/2', '1/2']","['0', '1/2', '1', '1/2']",1/4,1/4,1/4
"['1/2', '1/2']","['0', '1/2', '1', '1']",1/4,1/4,1/4
"['1/2', '1/2']","['0', '1', '0', '0']",1/4,1/4,1/4
"['1/2', '1/2']","['0', '1', '0', '1/2']",1/4,1/4,1/4
"['1/2', '1/2']","['0', '1', '0', '1']",1/4,1/4,1/4
"['1/2', '1/2']","['0', '1', '1/2', '0']",1/4,1/4,1/4
"['1/2', '1/2']","['0', '1', '1/2', '1/2']",1/4,1/4,1/4
"['1/2', '1/2']","['0', '1', '1/2', '1']",1/4,1/4,1/4
"['1/2', '1/2']","['0', '1', '1', '0']",1/4,1/4,1/4
"['1/2', '1/2']","['0', '1', '1', '1/2']",1/4,1/4,1/4
"['1/2', '1/2']","['0', '1', '1', '1']",1/4,1/4,1/4
"['1/2', '1/2']","['1/2', '0', '0', '0']",1/4,1/4,1/4
"['1/2', '1/2']","['1/2', '0', '0', '1/2']",1/4,1/4,1/4
"['1/2', '1/2']","['1/2', '0', '0', '1']",1/4,1/4,1/4
"['1/2', '1/2']","['1/2', '0', '1/2', '0']",1/4,1/4,1/4
"['1/2', '1/2']","['1/2', '0', '1/2', '1/2']",1/4,1/4,1/4
"['1/2', '1/2']","['1/2', '0', '1/2', '1']",1/4,1/4,1/4
"['1/2', '1/2']","['1/2', '0', '1', '0']",1/4,1/4,1/4
"['1/2', '1/2']","['1/2', '0', '1', '1/2']",1/4,1/4,1/4
"['1/2', '1/2']","['1/2', '0', '1', '1']",1/4,1/4,1/4
"['1/2', '1/2']","['1/2', '1/2', '0', '0']",1/4,1/4,1/4
"['1/2', '1/2']","['1/2', '1/2', '0', '1/2']",1/4,1/4,1/4
"['1/2', '1/2']","['1/2', '1/2', '0', '1']",1/4,1/4,1/4
"['1/2', '1/2']","['1/2', '1/2', '1/2', '0']",1/4,1/4,1/4
"['1/2', '1/2']","['1/2', '1/2', '1/2', '1/2']",1/4,1/4,1/4
"['1/2', '1/2']","['1/2', '1/2', '1/2', '1']",1/4,1/4,1/4
"['1/2', '1/2']","['1/2', '1/2', '1', '0']",1/4,1/4,1/4
"['1/2', '1/2']","['1/2', '1/2', '1', '1/2']",1/4,1/4,1/4
"['1/2', '1/2']","['1/2', '1/2', '1', '1']",1/4,1/4,1/4
"['1/2', '1/2']","['1/2', '1', '0', '0']",1/4,1/4,1/4
"['1/2', '1/2']","['1/2', '1', '0', '1/2']",1/4,1/4,1/4
"['1/2', '1/2']","['1/2', '1', '0', '1']",1/4,1/4,1/4
"['1/2', '1/2']","['1/2', '1', '1/2', '0']",1/4,1/4,1/4
"['1/2', '1/2']","['1/2', '1', '1/2', '1/2']",1/4,1/4,1/4
"['1/2', '1/2']","['1/2', '1', '1/2', '1']",1/4,1/4,1/4
"['1/2', '1/2']","['1/2', '1', '1', '0']",1/4,1/4,1/4
"['1/2', '1/2']","['1/2', '1', '1', '1/2']",1/4,1/4,1/4
"['1/2', '1/2']","['1/2', '1', '1', '1']",1/4,1/4,1/4
"['1/2', '1/2']","['1', '0', '0', '0']",1/4,1/4,1/4
"['1/2', '1/2']","['1', '0', '0', '1/2']",1/4,1/4,1/4
"['1/2', '1/2']","['1', '0', '0', '1']",1/4,1/4,1/4
"['1/2', '1/2']","['1', '0', '1/2', '0']",1/4,1/4,1/4
"['1/2', '1/2']","['1', '0', '1/2', '1/2']",1/4,1/4,1/4
"['1/2', '1/2']","['1', '0', '1/2', '1']",1/4,1/4,1/4
"['1/2', '1/2']","['1', '0', '1', '0']",1/4,1/4,1/4
"['1/2', '1/2']","['1', '0', '1', '1/2']",1/4,1/4,1/4
"['1/2', '1/2']","['1', '0', '1', '1']",1/4,1/4,1/4
"['1/2', '1/2']","['1', '1/2', '0', '0']",1/4,1/4,1/4
"['1/2', '1/2']","['1', '1/2', '0', '1/2']",1/4,1/4,1/4
"['1/2', '1/2']","['1', '1/2', '0', '1']",1/4,1/4,1/4
"['1/2', '1/2']","['1', '1/2', '1/2', '0']",1/4,1/4,1/4
"['1/2', '1/2']","['1', '1/2', '1/2', '1/2']",1/4,1/4,1/4
"['1/2', '1/2']","['1', '1/2', '1/2', '1']",1/4,1/4,1/4
"['1/2', '1/2']","['1', '1/2', '1', '0']",1/4,1/4,1/4
"['1/2', '1/2']","['1', '1/2', '1', '1/2']",1/4,1/4,1/4
"['1/2', '1/2']","['1', '1/2', '1', '1']",1/4,1/4,1/4
"['1/2', '1/2']","['1', '1', '0', '0']",1/4,1/4,1/4
"['1/2', '1/2']","['1', '1', '0', '1/2']",1/4,1/4,1/4
"['1/2', '1/2']","['1', '1', '0', '1']",1/4,1/4,1/4
"['1/2', '1/2']","['1', '1', '1/2', '0']",1/4,1/4,1/4
"['1/2', '1/2']","['1', '1', '1/2', '1/2']",1/4,1/4,1/4
"['1/2', '1/2']","['1', '1', '1/2', '1']",1/4,1/4,1/4
"['1/2', '1/2']","['1', '1', '1', '0']",1/4,1/4,1/4
"['1/2', '1/2']","['1', '1', '1', '1/2']",1/4,1/4,1/4
"['1/2', '1/2']","['1', '1', '1', '1']",1/4,1/4,1/4
"['1/2', '9/16']","['0', '0', '0', '0']",65/256,65/256,65/256
"['1/2', '9/16']","['0', '0', '0', '1/2']",293/1152,49/192,49/192
"['1/2', '9/16']","['0', '0', '0', '1']",163/640,41/160,41/160
"['1/2', '9/16']","['0', '0', '1/2', '0']",97/384,145/576,97/384
"['1/2', '9/16']","['0', '0', '1/2', '1/2']",81/320,81/320,81/320
"['1/2', '9/16']","['0', '0', '1/2', '1']",357/1408,179/704,179/704
"['1/2', '9/16']","['0', '0', '1', '0']",161/640,1/4,161/640
"['1/2', '9/16']","['0', '0', '1', '1/2']",355/1408,177/704,355/1408
"['1/2', '9/16']","['0', '0', '1', '1']",97/384,97/384,97/384
"['1/2', '9/16']","['0', '1/2', '0', '0']",57/224,229/896,229/896
"['1/2', '9/16']","['0', '1/2', '0', '1/2']",261/1024,263/1024,263/1024
"['1/2', '9/16']","['0', '1/2', '0', '1']",49/192,33/128,33/128
"['1/2', '9/16']","['0', '1/2', '1/2', '0']",519/2048,65/256,65/256
"['1/2', '9/16']","['0', '1/2', '1/2', '1/2']",65/256,49/192,49/192
"['1/2', '9/16']","['0', '1/2', '1/2', '1']",651/2560,41/160,41/160
"['1/2', '9/16']","['0', '1/2', '1', '0']",97/384,97/384,97/384
"['1/2', '9/16']","['0', '1/2', '1', '1/2']",81/320,65/256,65/256
"['1/2', '9/16']","['0', '1/2', '1', '1']",357/1408,359/1408,359/1408
"['1/2', '9/16']","['0', '1', '0', '0']",49/192,33/128,33/128
"['1/2', '9/16']","['0', '1', '0', '1/2']",229/896,29/112,29/112
"['1/2', '9/16']","['0', '1', '0', '1']",131/512,133/512,133/512
"['1/2', '9/16']","['0', '1', '1/2', '0']",57/224,115/448,115/448
"['1/2', '9/16']","['0', '1', '1/2', '1/2']",261/1024,33/128,33/128
"['1/2', '9/16']","['0', '1', '1/2', '1']",49/192,149/576,149/576
"['1/2', '9/16']","['0', '1', '1', '0']",65/256,131/512,131/512
"['1/2', '9/16']","['0', '1', '1', '1/2']",293/1152,37/144,37/144
"['1/2', '9/16']","['0', '1', '1', '1']",163/640,33/128,33/128
"['1/2', '9/16']","['1/2', '0', '0', '0']",113/448,225/896,113/448
"['1/2', '9/16']","['1/2', '0', '0', '1/2']",517/2048,129/512,517/2048
"['1/2', '9/16']","['1/2', '0', '0', '1']",97/384,97/384,97/384
"['1/2', '9/16']","['1/2', '0', '1/2', '0']",257/1024,255/1024,257/1024
"['1/2', '9/16']","['1/2', '0', '1/2', '1/2']",193/768,1/4,193/768
"['1/2', '9/16']","['1/2', '0', '1/2', '1']",161/640,321/1280,161/640
"['1/2', '9/16']","['1/2', '0', '1', '0']",1/4,95/384,1/4
"['1/2', '9/16']","['1/2', '0', '1', '1/2']",641/2560,159/640,641/2560
"['1/2', '9/16']","['1/2', '0', '1', '1']",353/1408,351/1408,353/1408
"['1/2', '9/16']","['1/2', '1/2', '0', '0']",97/384,97/384,97/384
"['1/2', '9/16']","['1/2', '1/2', '0', '1/2']",453/1792,227/896,227/896
"['1/2', '9/16']","['1/2', '1/2', '0', '1']",259/1024,65/256,65/256
"['1/2', '9/16']","['1/2', '1/2', '1/2', '0']",451/1792,225/896,451/1792
"['1/2', '9/16']","['1/2', '1/2', '1/2', '1/2']",129/512,129/512,129/512
"['1/2', '9/16']","['1/2', '1/2', '1/2', '1']",581/2304,97/384,97/384
"['1/2', '9/16']","['1/2', '1/2', '1', '0']",257/1024,1/4,257/1024
"['1/2', '9/16']","['1/2', '1/2', '1', '1/2']",193/768,289/1152,193/768
"['1/2', '9/16']","['1/2', '1/2', '1', '1']",161/640,161/640,161/640
"['1/2', '9/16']","['1/2', '1', '0', '0']",81/320,163/640,163/640
"['1/2', '9/16']","['1/2', '1', '0', '1/2']",389/1536,49/192,49/192
"['1/2', '9/16']","['1/2', '1', '0', '1']",227/896,229/896,229/896
"['1/2', '9/16']","['1/2', '1', '1/2', '0']",97/384,65/256,65/256
"['1/2', '9/16']","['1/2', '1', '1/2', '1/2']",453/1792,57/224,57/224
"['1/2', '9/16']","['1/2', '1', '1/2', '1']",259/1024,261/1024,261/1024
"['1/2', '9/16']","['1/2', '1', '1', '0']",113/448,227/896,227/896
"['1/2', '9/16']","['1/2', '1', '1', '1/2']",517/2048,65/256,65/256
"['1/2', '9/16']","['1/2', '1', '1', '1']",97/384,293/1152,293/1152
"['1/2', '9/16']","['1', '0', '0', '0']",1/4,95/384,1/4
"['1/2', '9/16']","['1', '0', '0', '1/2']",1/4,111/448,1/4
"['1/2', '9/16']","['1', '0', '0', '1']",1/4,127/512,1/4
"['1/2', '9/16']","['1', '0', '1/2', '0']",223/896,55/224,223/896
"['1/2', '9/16']","['1', '0', '1/2', '1/2']",255/1024,63/256,255/1024
"['1/2', '9/16']","['1', '0', '1/2', '1']",287/1152,71/288,287/1152
"['1/2', '9/16']","['1', '0', '1', '0']",127/512,125/512,127/512
"['1/2', '9/16']","['1', '0', '1', '1/2']",143/576,47/192,143/576
"['1/2', '9/16']","['1', '0', '1', '1']",159/640,157/640,159/640
"['1/2', '9/16']","['1', '1/2', '0', '0']",1/4,159/640,1/4
"['1/2', '9/16']","['1', '1/2', '0', '1/2']",1/4,191/768,1/4
"['1/2', '9/16']","['1', '1/2', '0', '1']",1/4,223/896,1/4
"['1/2', '9/16']","['1', '1/2', '1/2', '0']",383/1536,95/384,383/1536
"['1/2', '9/16']","['1', '1/2', '1/2', '1/2']",447/1792,111/448,447/1792
"['1/2', '9/16']","['1', '1/2', '1/2', '1']",511/2048,127/512,511/2048
"['1/2', '9/16']","['1', '1/2', '1', '0']",223/896,221/896,223/896
"['1/2', '9/16']","['1', '1/2', '1', '1/2']",255/1024,253/1024,255/1024
"['1/2', '9/16']","['1', '1/2', '1', '1']",287/1152,95/384,287/1152
"['1/2', '9/16']","['1', '1', '0', '0']",1/4,1/4,1/4
"['1/2', '9/16']","['1', '1', '0', '1/2']",1/4,1/4,1/4
"['1/2', '9/16']","['1', '1', '0', '1']",1/4,1/4,1/4
"['1/2', '9/16']","['1', '1', '1/2', '0']",1/4,1/4,1/4
"['1/2', '9/16']","['1', '1', '1/2', '1/2']",1/4,1/4,1/4
"['1/2', '9/16']","['1', '1', '1/2', '1']",1/4,1/4,1/4
"['1/2', '9/16']","['1', '1', '1', '0']",1/4,1/4,1/4
"['1/2', '9/16']","['1', '1', '1', '1/2']",1/4,1/4,1/4
"['1/2', '9/16']","['1', '1', '1', '1']",1/4,1/4,1/4
"['9/16', '7/16']","['0', '0', '0', '0']",65/256,65/256,65/256
"['9/16', '7/16']","['0', '0', '0', '1/2']",581/2304,577/2304,581/2304
"['9/16', '7/16']","['0', '0', '0', '1']",321/1280,317/1280,321/1280
"['9/16', '7/16']","['0', '0', '1/2', '0']",589/2304,593/2304,593/2304
"['9/16', '7/16']","['0', '0', '1/2', '1/2']",65/256,65/256,65/256
"['9/16', '7/16']","['0', '0', '1/2', '1']",711/2816,707/2816,711/2816
"['9/16', '7/16']","['0', '0', '1', '0']",329/1280,333/1280,333/1280
"['9/16', '7/16']","['0', '0', '1', '1/2']",719/2816,723/2816,723/2816
"['9/16', '7/16']","['0', '0', '1', '1']",65/256,65/256,65/256
"['9/16', '7/16']","['0', '1/2', '0', '0']",451/1792,447/1792,451/1792
"['9/16', '7/16']","['0', '1/2', '0', '1/2']",1/4,63/256,1/4
"['9/16', '7/16']","['0', '1/2', '0', '1']",191/768,187/768,191/768
"['9/16', '7/16']","['0', '1/2', '1/2', '0']",259/1024,129/512,259/1024
"['9/16', '7/16']","['0', '1/2', '1/2', '1/2']",193/768,191/768,193/768
"['9/16', '7/16']","['0', '1/2', '1/2', '1']",1/4,63/256,1/4
"['9/16', '7/16']","['0', '1/2', '1', '0']",65/256,65/256,65/256
"['9/16', '7/16']","['0', '1/2', '1', '1/2']",323/1280,321/1280,323/1280
"['9/16', '7/16']","['0', '1/2', '1', '1']",707/2816,699/2816,707/2816
"['9/16', '7/16']","['0', '1', '0', '0']",191/768,187/768,191/768
"['9/16', '7/16']","['0', '1', '0', '1/2']",443/1792,431/1792,443/1792
"['9/16', '7/16']","['0', '1', '0', '1']",63/256,61/256,63/256
"['9/16', '7/16']","['0', '1', '1/2', '0']",447/1792,439/1792,447/1792
"['9/16', '7/16']","['0', '1', '1/2', '1/2']",127/512,31/128,127/512
"['9/16', '7/16']","['0', '1', '1/2', '1']",569/2304,553/2304,569/2304
"['9/16', '7/16']","['0', '1', '1', '0']",1/4,63/256,1/4
"['9/16', '7/16']","['0', '1', '1', '1/2']",191/768,187/768,191/768
"['9/16', '7/16']","['0', '1', '1', '1']",317/1280,309/1280,317/1280
"['9/16', '7/16']","['1/2', '0', '0', '0']",459/1792,463/1792,463/1792
"['9/16', '7/16']","['1/2', '0', '0', '1/2']",261/1024,131/512,131/512
"['9/16', '7/16']","['1/2', '0', '0', '1']",65/256,65/256,65/256
"['9/16', '7/16']","['1/2', '0', '1/2', '0']",33/128,67/256,67/256
"['9/16', '7/16']","['1/2', '0', '1/2', '1/2']",197/768,199/768,199/768
"['9/16', '7/16']","['1/2', '0', '1/2', '1']",327/1280,329/1280,329/1280
"['9/16', '7/16']","['1/2', '0', '1', '0']",199/768,203/768,203/768
"['9/16', '7/16']","['1/2', '0', '1', '1/2']",33/128,67/256,67/256
"['9/16', '7/16']","['1/2', '0', '1', '1']",723/2816,731/2816,731/2816
"['9/16', '7/16']","['1/2', '1/2', '0', '0']",65/256,65/256,65/256
"['9/16', '7/16']","['1/2', '1/2', '0', '1/2']",453/1792,451/1792,453/1792
"['9/16', '7/16']","['1/2', '1/2', '0', '1']",129/512,1/4,129/512
"['9/16', '7/16']","['1/2', '1/2', '1/2', '0']",457/1792,459/1792,459/1792
"['9/16', '7/16']","['1/2', '1/2', '1/2', '1/2']",65/256,65/256,65/256
"['9/16', '7/16']","['1/2', '1/2', '1/2', '1']",583/2304,581/2304,583/2304
"['9/16', '7/16']","['1/2', '1/2', '1', '0']",131/512,33/128,33/128
"['9/16', '7/16']","['1/2', '1/2', '1', '1/2']",587/2304,589/2304,589/2304
"['9/16', '7/16']","['1/2', '1/2', '1', '1']",65/256,65/256,65/256
"['9/16', '7/16']","['1/2', '1', '0', '0']",321/1280,317/1280,321/1280
"['9/16', '7/16']","['1/2', '1', '0', '1/2']",1/4,63/256,1/4
"['9/16', '7/16']","['1/2', '1', '0', '1']",447/1792,439/1792,447/1792
"['9/16', '7/16']","['1/2', '1', '1/2', '0']",193/768,191/768,193/768
"['9/16', '7/16']","['1/2', '1', '1/2', '1/2']",449/1792,443/1792,449/1792
"['9/16', '7/16']","['1/2', '1', '1/2', '1']",1/4,63/256,1/4
"['9/16', '7/16']","['1/2', '1', '1', '0']",451/1792,447/1792,451/1792
"['9/16', '7/16']","['1/2', '1', '1', '1/2']",257/1024,127/512,257/1024
"['9/16', '7/16']","['1/2', '1', '1', '1']",577/2304,569/2304,577/2304
"['9/16', '7/16']","['1', '0', '0', '0']",199/768,203/768,203/768
"['9/16', '7/16']","['1', '0', '0', '1/2']",463/1792,471/1792,471/1792
"['9/16', '7/16']","['1', '0', '0', '1']",33/128,67/256,67/256
"['9/16', '7/16']","['1', '0', '1/2', '0']",467/1792,479/1792,479/1792
"['9/16', '7/16']","['1', '0', '1/2', '1/2']",133/512,17/64,17/64
"['9/16', '7/16']","['1', '0', '1/2', '1']",199/768,203/768,203/768
"['9/16', '7/16']","['1', '0', '1', '0']",67/256,69/256,69/256
"['9/16', '7/16']","['1', '0', '1', '1/2']",601/2304,617/2304,617/2304
"['9/16', '7/16']","['1', '0', '1', '1']",333/1280,341/1280,341/1280
"['9/16', '7/16']","['1', '1/2', '0', '0']",329/1280,333/1280,333/1280
"['9/16', '7/16']","['1', '1/2', '0', '1/2']",197/768,199/768,199/768
"['9/16', '7/16']","['1', '1/2', '0', '1']",459/1792,463/1792,463/1792
"['9/16', '7/16']","['1', '1/2', '1/2', '0']",33/128,67/256,67/256
"['9/16', '7/16']","['1', '1/2', '1/2', '1/2']",461/1792,467/1792,467/1792
"['9/16', '7/16']","['1', '1/2', '1/2', '1']",263/1024,133/512,133/512
"['9/16', '7/16']","['1', '1/2', '1', '0']",463/1792,471/1792,471/1792
"['9/16', '7/16']","['1', '1/2', '1', '1/2']",33/128,67/256,67/256
"['9/16', '7/16']","['1', '1/2', '1', '1']",593/2304,601/2304,601/2304
"['9/16', '7/16']","['1', '1', '0', '0']",65/256,65/256,65/256
"['9/16', '7/16']","['1', '1', '0', '1/2']",65/256,65/256,65/256
"['9/16', '7/16']","['1', '1', '0', '1']",65/256,65/256,65/256
"['9/16', '7/16']","['1', '1', '1/2', '0']",65/256,65/256,65/256
"['9/16', '7/16']","['1', '1', '1/2', '1/2']",65/256,65/256,65/256
"['9/16', '7/16']","['1', '1', '1/2', '1']",65/256,65/256,65/256
"['9/16', '7/16']","['1', '1', '1', '0']",65/256,65/256,65/256
"['9/16', '7/16']","['1', '1', '1', '1/2']",65/256,65/256,65/256
"['9/16', '7/16']","['1', '1', '1', '1']",65/256,65/256,65/256
"['9/16', '1/2']","['0', '0', '0', '0']",1/4,1/4,1/4
"['9/16', '1/2']","['0', '0', '0', '1/2']",575/2304,191/768,575/2304
"['9/16', '1/2']","['0', '0', '0', '1']",319/1280,317/1280,319/1280
"['9/16', '1/2']","['0', '0', '1/2', '0']",193/768,581/2304,581/2304
"['9/16', '1/2']","['0', '0', '1/2', '1/2']",321/1280,321/1280,321/1280
"['9/16', '1/2']","['0', '0', '1/2', '1']",705/2816,703/2816,705/2816
"['9/16', '1/2']","['0', '0', '1', '0']",323/1280,65/256,65/256
"['9/16', '1/2']","['0', '0', '1', '1/2']",709/2816,711/2816,711/2816
"['9/16', '1/2']","['0', '0', '1', '1']",193/768,193/768,193/768
"['9/16', '1/2']","['0', '1/2', '0', '0']",447/1792,445/1792,447/1792
"['9/16', '1/2']","['0', '1/2', '0', '1/2']",255/1024,253/1024,255/1024
"['9/16', '1/2']","['0', '1/2', '0', '1']",191/768,63/256,191/768
"['9/16', '1/2']","['0', '1/2', '1/2', '0']",513/2048,1/4,513/2048
"['9/16', '1/2']","['0', '1/2', '1/2', '1/2']",1/4,191/768,1/4
"['9/16', '1/2']","['0', '1/2', '1/2', '1']",639/2560,317/1280,639/2560
"['9/16', '1/2']","['0', '1/2', '1', '0']",193/768,193/768,193/768
"['9/16', '1/2']","['0', '1/2', '1', '1/2']",321/1280,1/4,321/1280
"['9/16', '1/2']","['0', '1/2', '1', '1']",705/2816,701/2816,705/2816
"['9/16', '1/2']","['0', '1', '0', '0']",191/768,63/256,191/768
"['9/16', '1/2']","['0', '1', '0', '1/2']",445/1792,439/1792,445/1792
"['9/16', '1/2']","['0', '1', '0', '1']",127/512,125/512,127/512
"['9/16', '1/2']","['0', '1', '1/2', '0']",447/1792,443/1792,447/1792
"['9/16', '1/2']","['0', '1', '1/2', '1/2']",255/1024,63/256,255/1024
"['9/16', '1/2']","['0', '1', '1/2', '1']",191/768,565/2304,191/768
"['9/16', '1/2']","['0', '1', '1', '0']",1/4,127/512,1/4
"['9/16', '1/2']","['0', '1', '1', '1/2']",575/2304,569/2304,575/2304
"['9/16', '1/2']","['0', '1', '1', '1']",319/1280,63/256,319/1280
"['9/16', '1/2']","['1/2', '0', '0', '0']",451/1792,453/1792,453/1792
"['9/16', '1/2']","['1/2', '0', '0', '1/2']",515/2048,129/512,129/512
"['9/16', '1/2']","['1/2', '0', '0', '1']",193/768,193/768,193/768
"['9/16', '1/2']","['1/2', '0', '1/2', '0']",259/1024,261/1024,261/1024
"['9/16', '1/2']","['1/2', '0', '1/2', '1/2']",97/384,65/256,65/256
"['9/16', '1/2']","['1/2', '0', '1/2', '1']",323/1280,81/320,81/320
"['9/16', '1/2']","['1/2', '0', '1', '0']",65/256,197/768,197/768
"['9/16', '1/2']","['1/2', '0', '1', '1/2']",649/2560,327/1280,327/1280
"['9/16', '1/2']","['1/2', '0', '1', '1']",713/2816,717/2816,717/2816
"['9/16', '1/2']","['1/2', '1/2', '0', '0']",193/768,193/768,193/768
"['9/16', '1/2']","['1/2', '1/2', '0', '1/2']",225/896,449/1792,225/896
"['9/16', '1/2']","['1/2', '1/2', '0', '1']",257/1024,1/4,257/1024
"['9/16', '1/2']","['1/2', '1/2', '1/2', '0']",113/448,453/1792,453/1792
"['9/16', '1/2']","['1/2', '1/2', '1/2', '1/2']",129/512,129/512,129/512
"['9/16', '1/2']","['1/2', '1/2', '1/2', '1']",145/576,193/768,145/576
"['9/16', '1/2']","['1/2', '1/2', '1', '0']",259/1024,65/256,65/256
"['9/16', '1/2']","['1/2', '1/2', '1', '1/2']",97/384,583/2304,583/2304
"['9/16', '1/2']","['1/2', '1/2', '1', '1']",323/1280,323/1280,323/1280
"['9/16', '1/2']","['1/2', '1', '0', '0']",321/1280,319/1280,321/1280
"['9/16', '1/2']","['1/2', '1', '0', '1/2']",385/1536,191/768,385/1536
"['9/16', '1/2']","['1/2', '1', '0', '1']",449/1792,445/1792,449/1792
"['9/16', '1/2']","['1/2', '1', '1/2', '0']",193/768,1/4,193/768
"['9/16', '1/2']","['1/2', '1', '1/2', '1/2']",225/896,447/1792,225/896
"['9/16', '1/2']","['1/2', '1', '1/2', '1']",257/1024,255/1024,257/1024
"['9/16', '1/2']","['1/2', '1', '1', '0']",451/1792,449/1792,451/1792
"['9/16', '1/2']","['1/2', '1', '1', '1/2']",515/2048,1/4,515/2048
"['9/16', '1/2']","['1/2', '1', '1', '1']",193/768,575/2304,193/768
"['9/16', '1/2']","['1', '0', '0', '0']",65/256,197/768,197/768
"['9/16', '1/2']","['1', '0', '0', '1/2']",65/256,459/1792,459/1792
"['9/16', '1/2']","['1', '0', '0', '1']",65/256,131/512,131/512
"['9/16', '1/2']","['1', '0', '1/2', '0']",457/1792,463/1792,463/1792
"['9/16', '1/2']","['1', '0', '1/2', '1/2']",261/1024,33/128,33/128
"['9/16', '1/2']","['1', '0', '1/2', '1']",587/2304,593/2304,593/2304
"['9/16', '1/2']","['1', '0', '1', '0']",131/512,133/512,133/512
"['9/16', '1/2']","['1', '0', '1', '1/2']",589/2304,199/768,199/768
"['9/16', '1/2']","['1', '0', '1', '1']",327/1280,331/1280,331/1280
"['9/16', '1/2']","['1', '1/2', '0', '0']",65/256,327/1280,327/1280
"['9/16', '1/2']","['1', '1/2', '0', '1/2']",65/256,49/192,49/192
"['9/16', '1/2']","['1', '1/2', '0', '1']",65/256,457/1792,457/1792
"['9/16', '1/2']","['1', '1/2', '1/2', '0']",391/1536,197/768,197/768
"['9/16', '1/2']","['1', '1/2', '1/2', '1/2']",57/224,459/1792,459/1792
"['9/16', '1/2']","['1', '1/2', '1/2', '1']",521/2048,131/512,131/512
"['9/16', '1/2']","['1', '1/2', '1', '0']",457/1792,461/1792,461/1792
"['9/16', '1/2']","['1', '1/2', '1', '1/2']",261/1024,263/1024,263/1024
"['9/16', '1/2']","['1', '1/2', '1', '1']",587/2304,197/768,197/768
"['9/16', '1/2']","['1', '1', '0', '0']",65/256,65/256,65/256
"['9/16', '1/2']","['1', '1', '0', '1/2']",65/256,65/256,65/256
"['9/16', '1/2']","['1', '1', '0', '1']",65/256,65/256,65/256
"['9/16', '1/2']","['1', '1', '1/2', '0']",65/256,65/256,65/256
"['9/16', '1/2']","['1', '1', '1/2', '1/2']",65/256,65/256,65/256
"['9/16', '1/2']","['1', '1', '1/2', '1']",65/256,65/256,65/256
"['9/16', '1/2']","['1', '1', '1', '0']",65/256,65/256,65/256
"['9/16', '1/2']","['1', '1', '1', '1/2']",65/256,65/256,65/256
"['9/16', '1/2']","['1', '1', '1', '1']",65/256,65/256,65/256
"['9/16', '9/16']","['0', '0', '0', '0']",65/256,65/256,65/256
"['9/16', '9/16']","['0', '0', '0', '1/2']",65/256,65/256,65/256
"['9/16', '9/16']","['0', '0', '0', '1']",65/256,65/256,65/256
"['9/16', '9/16']","['0', '0', '1/2', '0']",65/256,65/256,65/256
"['9/16', '9/16']","['0', '0', '1/2', '1/2']",65/256,65/256,65/256
"['9/16', '9/16']","['0', '0', '1/2', '1']",65/256,65/256,65/256
"['9/16', '9/16']","['0', '0', '1', '0']",65/256,65/256,65/256
"['9/16', '9/16']","['0', '0', '1', '1/2']",65/256,65/256,65/256
"['9/16', '9/16']","['0', '0', '1', '1']",65/256,65/256,65/256
"['9/16', '9/16']","['0', '1/2', '0', '0']",65/256,65/256,65/256
"['9/16', '9/16']","['0', '1/2', '0', '1/2']",65/256,65/256,65/256
"['9/16', '9/16']","['0', '1/2', '0', '1']",65/256,65/256,65/256
"['9/16', '9/16']","['0', '1/2', '1/2', '0']",65/256,65/256,65/256
"['9/16', '9/16']","['0', '1/2', '1/2', '1/2']",65/256,65/256,65/256
"['9/16', '9/16']","['0', '1/2', '1/2', '1']",65/256,65/256,65/256
"['9/16', '9/16']","['0', '1/2', '1', '0']",65/256,65/256,65/256
"['9/16', '9/16']","['0', '1/2', '1', '1/2']",65/256,65/256,65/256
"['9/16', '9/16']","['0', '1/2', '1', '1']",65/256,65/256,65/256
"['9/16', '9/16']","['0', '1', '0', '0']",65/256,65/256,65/256
"['9/16', '9/16']","['0', '1', '0', '1/2']",65/256,65/256,65/256
"['9/16', '9/16']","['0', '1', '0', '1']",65/256,65/256,65/256
"['9/16', '9/16']","['0', '1', '1/2', '0']",65/256,65/256,65/256
"['9/16', '9/16']","['0', '1', '1/2', '1/2']",65/256,65/256,65/256
"['9/16', '9/16']","['0', '1', '1/2', '1']",65/256,65/256,65/256
"['9/16', '9/16']","['0', '1', '1', '0']",65/256,65/256,65/256
"['9/16', '9/16']","['0', '1', '1', '1/2']",65/256,65/256,65/256
"['9/16', '9/16']","['0', '1', '1', '1']",65/256,65/256,65/256
"['9/16', '9/16']","['1/2', '0', '0', '0']",65/256,65/256,65/256
"['9/16', '9/16']","['1/2', '0', '0', '1/2']",65/256,65/256,65/256
"['9/16', '9/16']","['1/2', '0', '0', '1']",65/256,65/256,65/256
"['9/16', '9/16']","['1/2', '0', '1/2', '0']",65/256,65/256,65/256
"['9/16', '9/16']","['1/2', '0', '1/2', '1/2']",65/256,65/256,65/256
"['9/16', '9/16']","['1/2', '0', '1/2', '1']",65/256,65/256,65/256
"['9/16', '9/16']","['1/2', '0', '1', '0']",65/256,65/256,65/256
"['9/16', '9/16']","['1/2', '0', '1', '1/2']",65/256,65/256,65/256
"['9/16', '9/16']","['1/2', '0', '1', '1']",65/256,65/256,65/256
"['9/16', '9/16']","['1/2', '1/2', '0', '0']",65/256,65/256,65/256
"['9/16', '9/16']","['1/2', '1/2', '0', '1/2']",65/256,65/256,65/256
"['9/16', '9/16']","['1/2', '1/2', '0', '1']",65/256,65/256,65/256
"['9/16', '9/16']","['1/2', '1/2', '1/2', '0']",65/256,65/256,65/256
"['9/16', '9/16']","['1/2', '1/2', '1/2', '1/2']",65/256,65/256,65/256
"['9/16', '9/16']","['1/2', '1/2', '1/2', '1']",65/256,65/256,65/256
"['9/16', '9/16']","['1/2', '1/2', '1', '0']",65/256,65/256,65/256
"['9/16', '9/16']","['1/2', '1/2', '1', '1/2']",65/256,65/256,65/256
"['9/16', '9/16']","['1/2', '1/2', '1', '1']",65/256,65/256,65/256
"['9/16', '9/16']","['1/2', '1', '0', '0']",65/256,65/256,65/256
"['9/16', '9/16']","['1/2', '1', '0', '1/2']",65/256,65/256,65/256
"['9/16', '9/16']","['1/2', '1', '0', '1']",65/256,65/256,65/256
"['9/16', '9/16']","['1/2', '1', '1/2', '0']",65/256,65/256,65/256
"['9/16', '9/16']","['1/2', '1', '1/2', '1/2']",65/256,65/256,65/256
"['9/16', '9/16']","['1/2', '1', '1/2', '1']",65/256,65/256,65/256
"['9/16', '9/16']","['1/2', '1', '1', '0']",65/256,65/256,65/256
"['9/16', '9/16']","['1/2', '1', '1', '1/2']",65/256,65/256,65/256
"['9/16', '9/16']","['1/2', '1', '1', '1']",65/256,65/256,65/256
"['9/16', '9/16']","['1', '0', '0', '0']",65/256,65/256,65/256
"['9/16', '9/16']","['1', '0', '0', '1/2']",65/256,65/256,65/256
"['9/16', '9/16']","['1', '0', '0', '1']",65/256,65/256,65/256
"['9/16', '9/16']","['1', '0', '1/2', '0']",65/256,65/256,65/256
"['9/16', '9/16']","['1', '0', '1/2', '1/2']",65/256,65/256,65/256
"['9/16', '9/16']","['1', '0', '1/2', '1']",65/256,65/256,65/256
"['9/16', '9/16']","['1', '0', '1', '0']",65/256,65/256,65/256
"['9/16', '9/16']","['1', '0', '1', '1/2']",65/256,65/256,65/256
"['9/16', '9/16']","['1', '0', '1', '1']",65/256,65/256,65/256
"['9/16', '9/16']","['1', '1/2', '0', '0']",65/256,65/256,65/256
"['9/16', '9/16']","['1', '1/2', '0', '1/2']",65/256,65/256,65/256
"['9/16', '9/16']","['1', '1/2', '0', '1']",65/256,65/256,65/256
"['9/16', '9/16']","['1', '1/2', '1/2', '0']",65/256,65/256,65/256
"['9/16', '9/16']","['1', '1/2', '1/2', '1/2']",65/256,65/256,65/256
"['9/16', '9/16']","['1', '1/2', '1/2', '1']",65/256,65/256,65/256
"['9/16', '9/16']","['1', '1/2', '1', '0']",65/256,65/256,65/256
"['9/16', '9/16']","['1', '1/2', '1', '1/2']",65/256,65/256,65/256
"['9/16', '9/16']","['1', '1/2', '1', '1']",65/256,65/256,65/256
"['9/16', '9/16']","['1', '1', '0', '0']",65/256,65/256,65/256
"['9/16', '9/16']","['1', '1', '0', '1/2']",65/256,65/256,65/256
"['9/16', '9/16']","['1', '1', '0', '1']",65/256,65/256,65/256
"['9/16', '9/16']","['1', '1', '1/2', '0']",65/256,65/256,65/256
"['9/16', '9/16']","['1', '1', '1/2', '1/2']",65/256,65/256,65/256
"['9/16', '9/16']","['1', '1', '1/2', '1']",65/256,65/256,65/256
"['9/16', '9/16']","['1', '1', '1', '0']",65/256,65/256,65/256
"['9/16', '9/16']","['1', '1', '1', '1/2']",65/256,65/256,65/256
"['9/16', '9/16']","['1', '1', '1', '1']",65/256,65/256,65/256
